{"minzoom":0,"maxzoom":9,"center":[100.898438,-66.088965,9.0],"bounds":[-179.999432,-85.051129,179.998993,-60.513023]}