{"minzoom":0,"maxzoom":8,"center":[-62.578125,-64.471116,8.0],"bounds":[-179.999432,-85.051129,179.998993,-60.513023]}