{"minzoom":0,"maxzoom":10,"center":[101.074219,-66.160411,10.0],"bounds":[-179.999432,-85.051129,179.998993,-60.513023]}